{
    "loss": 3.226123094558716,
    "accuracy": 0.568965494632721
}