{
    "loss": 0.710835337638855,
    "accuracy": 0.9482758641242981
}